username,author id,created,text,retwc,hashtag,followers,friends,polarity,subjectivity
allkpop,21366823,2017-11-01 16:55:00,"BTS, EXO, TWICE, DAY6, B.A.P, NCT 127, and more perform at Pyeongchang Winter Olympics G-100 K-Pop Concert!... https://t.co/XnvoHOwven",1737,None,4702586,477,0.625,0.5
Olympics,52422878,2017-11-01 02:53:30,The @OlympicFlame arrives in Incheon #100DaysToGo @PyeongChang2018 @Olympics https://t.co/lZsdy82uvl,425,100DaysToGo,5640545,4650,0.0,0.0
allkpop,21366823,2017-11-01 14:35:01,"Suzy, Yoo Jae Suk, and 'Infinity Challenge' crew run torch for '2018 Pyeongchang Winter Olympics'... https://t.co/7agTsoDtg2",343,None,4702586,477,0.0,0.0
Olympics,52422878,2017-11-01 01:59:11,The @OlympicFlame arrives in Incheon #100DaysToGo #PyeongChang2018 #Olympics #TorchRelay https://t.co/cVyY9coCUr,292,100DaysToGo,5640545,4650,0.0,0.0
Virender Sehwag,92724677,2017-11-02 10:25:35,Sanjeev Kumar needs a 8kg RKG Grandslam Sports Wheelchair and aim for gold at 2020 Tokyo Olympics. Please contribut... https://t.co/ZPvgHg9nHJ,379,None,13454192,135,0.0,0.0
Olympics,52422878,2017-11-01 19:54:17,Only #100DaysToGo until @pyeongchang2018  https://t.co/X6O7DCngXV,417,100DaysToGo,5640545,4650,0.0,1.0
Soompi,17659206,2017-11-01 18:19:52,Stars And Athletes Attend Pyeongchang Olympics D-100 Gala Dinner https://t.co/feQvLIKxNC https://t.co/Zw88aKHVcg,78,None,1712205,3646,0.0,0.0
allkpop,21366823,2017-11-01 20:40:58,Dara shows support for the upcoming 'Pyeongchang Winter Olympics' https://t.co/dFLU4KdaJL https://t.co/agOQvDP3nJ,167,None,4702586,477,0.0,0.0
Soompi,17659206,2017-11-01 01:48:46,"#InfiniteChallenge Makes Official Statement On Cast Filming For 2018 Pyeongchang Olympics
https://t.co/ayqQrNRAqB https://t.co/bs3TdqkN9j",112,InfiniteChallenge,1712205,3646,0.0,0.0
Olympics,52422878,2017-11-01 17:05:06,At #100DaysToGo the @PyeongChang2018 torch relay came to South Korea.  https://t.co/EJojxddZ61,117,100DaysToGo,5640545,4650,0.0,0.0
TODAY,7744592,2017-11-01 12:55:27,.@AshWagner2010 treated us to a special performance #100DaysOut from the Winter Olympics! https://t.co/T7UXx6Or3a,73,100DaysOut,4259472,8178,0.44642857142857145,0.5714285714285714
Team GB,27660239,2017-11-01 08:30:59,"Winter is coming. The #PyeongChang2018 Winter Olympics are on the horizon and our athletes are ready.

#100daystogo... https://t.co/LFgN8As2JP",120,PyeongChang2018,910432,1786,0.2,0.5
Olympics,52422878,2017-11-01 11:29:48,With #100DaysToGo until @pyeongchang2018 eight Olympic posters were unveiled. Discover full collection here... https://t.co/F7refau3DR,73,100DaysToGo,5640545,4650,0.35,0.55
Olympic Channel,3163717636,2017-11-01 03:30:03,Get excited because there are #100DaysToGo until #PyeongChang2018!![?] @Olympics @pyeongchang2018 https://t.co/CjjCoZMKD8,95,100DaysToGo,312708,4893,0.5859375,0.75
CNN Sport,34992644,2017-10-31 16:17:01,"The first ever skater to land five quad jumps in one routine, @nathanwchen is now eyeing success at the Winter Olym... https://t.co/zIU4Wi94bh",231,None,63811,639,0.275,0.16666666666666666
Olympics,52422878,2017-10-31 17:15:03,Oooooolympics! Happy Halloween everyone!  https://t.co/tLPU4WtuUS,90,None,5640545,4650,1.0,1.0
Olympic Flame,707559273044250625,2017-10-31 14:31:21,I always wear a seat belt! Heading to Incheon! @pyeongchang2018 @olympics https://t.co/Z1NaHVgNTP,166,None,102098,668,0.0,0.0
Bloomberg,34713362,2017-10-31 23:55:11,South Korea's Moon is calling on North Korea to join the Winter Olympics https://t.co/HQltCuzGsQ https://t.co/3p1KKvxXKt,20,None,4357815,1088,0.0,0.0
Grace VanderWaal,706933895502163968,2017-10-31 16:04:14,Excited to celebrate the 100 day countdown to the #Olympics with @teamusa in Times Square tomorrow!! ... https://t.co/AOlq9uUCgB,99,Olympics,283156,112,0.5859375,0.75
U.S. Ski Team,15572044,2017-10-31 16:01:28,"It's official: @MillerBode is retiring.

...but he IS joining us at the @Olympics this year as a commentator. And w... https://t.co/K9hbdFTsYN",128,None,50931,719,0.0,0.0
Olympic Channel,3163717636,2017-10-31 21:20:01,The handover is official! #PyeongChang2018 officially receives the  #OlympicFlame . @Olympicflame @PyeongChang2018... https://t.co/FzokPwNMxC,40,PyeongChang2018,312708,4893,0.0,0.0
Sports Illustrated,28370738,2017-10-31 18:07:05,"400 meter world record holder Wayde van Niekerk tore his ACL during a celebrity rugby game
https://t.co/wQezhVhsn3",36,None,1725035,1679,-0.4,0.4
British Bake Off,234428224,2017-10-31 21:04:46,We're delighted to announce that Kate's entremet will host the 2017 Winter Olympics. #GBBOFinal https://t.co/cyL5jQhGUV,32,GBBOFinal,597932,1138,0.7,0.7
Olympic Flame,707559273044250625,2017-10-31 14:28:32,Getting comfy... [?] @pyeongchang2018 @olympics #torchrelay https://t.co/8eLfrI10tr,113,torchrelay,102098,668,0.0,0.0
Travis Yost,89529185,2017-10-31 23:30:54,"I can't believe people are upset about this trade for Benjamin. Ya haven't made the playoffs since the Olympics. 

THE SYDNEY OLYMPICS.",31,None,29294,400,0.0,0.0
Olympic Channel,3163717636,2017-10-31 19:00:05,"The #OlympicFlame  is handed. #PyeongChang2018  is ready. The official countdown begins [?].

@pyeongchang2018... https://t.co/e4rOh2BgMg",30,OlympicFlame,312708,4893,0.2,0.5
SPIKES,769097582,2017-10-31 16:33:53,"Noooo!

Wayde van Niekerk suffers meniscus tear and is out for 6 months after rugby injury.

 https://t.co/S32Z1VjulZ",59,None,31410,5384,-0.6,0.7
RMNB,90557401,2017-10-31 17:11:13,"John Walton will be doing the play-by-play for women's hockey at the 2018 Winter Olympics https://t.co/YeM9PSpBU0 Congrats, @WaltonCaps! ",22,None,34380,888,0.0,0.0
Soompi,17659206,2017-10-31 05:19:49,"#YooJaeSuk, #Suzy, And More To Be First Torchbearers For 2018 Pyeongchang Winter Olympics
https://t.co/jKpNCCQS3J https://t.co/xVo9iDQnEe",628,YooJaeSuk,1712205,3646,0.375,0.41666666666666663
Olympic Flame,707559273044250625,2017-10-31 10:32:58,Thank you Greece!  @PyeongChang2018 here I come!  Next stop Incheon #TorchRelay #Olympics https://t.co/l411bTxoOW,248,TorchRelay,102098,668,0.0,0.0
Seth Abramson,3223426134,2017-10-30 08:25:16,Here's the White House warming up for what will be a veritable *Olympics* of lies--today and all this week--throughou... https://t.co/F7m9MeRXjL,942,None,295722,47,0.0,0.0
Bloomberg,34713362,2017-10-31 10:42:35,South Korea's Moon is calling on North Korea to join the Winter Olympics https://t.co/cQpoIGuGTd https://t.co/cwXrOB75ZY,36,None,4357815,1088,0.0,0.0
PinkNews,27987687,2017-10-31 13:12:12,"Hong Kong to host Gay Olympics despite Chinese oppression
https://t.co/mo02pdMJPI",26,None,151840,1098,0.20833333333333334,0.2916666666666667
PyeongChang 2018,83529162,2017-10-31 09:02:04,Handover ceremony of the @OlympicFlame for the Winter Olympic Games #PyeongChang2018 #Olympics https://t.co/ynqgLjRiTC,81,PyeongChang2018,198176,2527,0.0,0.0
Bleacher Report,890891,2017-10-24 17:30:12,"After making the Olympics at 16, Sydney McLaughlin might have made millions. Instead, she's a freshman at UK #BRmag... https://t.co/oaEP7edJN7",605,BRmag,5520944,608,0.0,0.0
Olympics,52422878,2017-10-31 09:47:44,"The design of the @PyeongChang2018 tickets was unveiled today, just one day before the #OlympicFlame arrives in Sou... https://t.co/Q0tU8gWgNs",40,OlympicFlame,5640545,4650,0.0,0.0
Olympics,52422878,2017-10-24 08:51:42,Lighting ceremony for the @OlympicFlame in Olympia @PyeongChang2018 #TorchRelay #Olympics https://t.co/r0Tn2eRAEd,259,TorchRelay,5640545,4650,0.0,0.0
ABC News,28785486,2017-10-24 16:50:51,"The torch for the 2018 Winter Olympics in Pyeongchang, South Korea, is lit in Olympia, Greece.... https://t.co/NxF4i6dht6",508,None,12599265,738,0.0,0.0
Olympic Flame,707559273044250625,2017-10-24 10:36:18,Woohoo! @Pyeongchang2018 here I come!  #TorchRelay  Apostolos Angelis (1st torch bearer) #Olympics https://t.co/PM6ZaXXZJe,372,TorchRelay,102098,668,0.0,0.0
Badminton Talk,2941773157,2017-10-29 14:07:28,"6 - Since losing in the 2016 BAC Final, Ahmad/Natsir have won all their 6 finals (Olympics, CHN SSP, HKG SS, INA SSP, WBC, FRA SS). Class.",487,None,59662,178,0.0,1.0
Olympics,52422878,2017-10-24 10:14:15,The #OlympicFlame for @pyeongchang2018 is lit! #TorchRelay https://t.co/6pCQkOLWLd,410,OlympicFlame,5640545,4650,0.0,0.0
Olympics,52422878,2017-10-26 15:58:49,Winning gold 88 years apart. #100m Amsterdam 1928 - Rio 2016 @FastElaine https://t.co/5aEw1n2Shs,168,100m,5640545,4650,0.5,0.75
Olympics,52422878,2017-10-23 16:22:00,Tomorrow the Olympic flame for @PyeongChang2018 will come to life.  Here's a flashback to past torches!... https://t.co/hxU1i7raCc,166,None,5640545,4650,-0.3125,0.25
Olympic Channel,3163717636,2017-10-23 23:00:21,#OnThisDay was the Tokyo 1964 Closing Ceremony. Looks like the spirit of the @Olympics remains the same!... https://t.co/C4JZuZm41M,82,OnThisDay,312708,4893,0.0,0.125
Olympics,52422878,2017-10-24 08:07:11,Watch the lighting ceremony of the #OlympicFlame for @PyeongChang2018 live on @Olympics or @OlympicChannel at 10:00... https://t.co/fTaeO1lIza,146,OlympicFlame,5640545,4650,0.13636363636363635,0.5
Godfred Akoto Boafo,458306908,2017-10-23 09:42:56,Ghana Premier League team Great Olympics entering league center on Sunday. The beliefs that make African football i... https://t.co/WqxPKqdsJc,57,None,52153,1776,0.23333333333333336,0.2833333333333333
Olympic Channel,3163717636,2017-10-24 06:31:01,#OnThisDay Debbie Meyer became the 1st swimmer to win 3 individual in 1 edition of @Olympics. @katieledecky equall... https://t.co/4Yf1HNeg4B,64,OnThisDay,312708,4893,0.4,0.4
AP Europe,834498430986809344,2017-10-23 16:30:17,WATCH: Participants rehearse Winter Olympics flame-lighting ahead of Tuesday ceremony. STORY:... https://t.co/FyJgjZQQfa,50,None,3113,123,0.0,0.0
Sportsnet,21660529,2017-10-23 19:04:59,"""It's gonna be hard for me to watch."" - #LAKings' Drew Doughty on the NHL not going to the Olympics in 2018. https://t.co/s86MRqKZUM",21,LAKings,633202,237,-0.2916666666666667,0.5416666666666666
PyeongChang 2018,83529162,2017-10-24 01:36:48,We'll be on live for the lighting ceremony at 6 p.m. at Korean standard time. #PyeongChang2018 #OlympicTorch... https://t.co/Ar4y6B8Zee,58,PyeongChang2018,198176,2527,0.06818181818181818,0.25
