created,text,retwc,hashtag,followers,friends
2017-10-23 10:38:38,b'RT @NicholasRyanH: Game of Thrones tonight!!!!! (Sorry. Just practicing for two years from now.)',349,None,548,889
2017-10-23 10:38:18,b'RT @guardian: Gunpowder review \xe2\x80\x93 it\xe2\x80\x99s Game of Thrones minus dragons plus history  https://t.co/FIXmzmurWs',9,None,1962,906
2017-10-23 10:37:50,"b""RT @monkeys_robots: #Podcast Rewind - Episode 75: 'Nice Guys' 'The Flash' 'Game of Thrones' (May 2016) \n\nhttps://t.co/eAHaMhDw6k""",1,Podcast,59,2270
2017-10-23 10:37:45,b'@Eyilayoo Game of Thrones people have borrowed the horse for season 8 o. But I am still looking for a very nice one to send to you.\xf0\x9f\x98\x80',0,None,1727,1984
2017-10-23 10:36:53,b'RT @jsleosz: Game of Thrones https://t.co/h0muJ6XPv5',3,None,554,250
2017-10-23 10:36:51,"b'@SeductiveBeaut I once read a quote that if Monday were a person, it would be Joffery from Game of Thrones. /Laughs/ So very accurate.'",0,None,252,267
2017-10-23 10:36:42,"b'RT @TreyWaller: I missed Game of Thrones for this??I live and will die an @AtlantaFalcons fan,but this was pathetic. #WTFSarkisian \n@JohnFr\xe2\x80\xa6'",2,WTFSarkisian,91,159
2017-10-23 10:36:29,b'RT @wintertospring6: SENSE8 COULD BE TO GAME OF THRONES LEVEL IF YOU ONLY CARED @netflix',5,None,388,880
2017-10-23 10:35:53,b'ikr. Its even worse than game of thrones https://t.co/eC14wohlQr',0,None,171,113
2017-10-23 10:35:38,b'RT @NicholasRyanH: Game of Thrones tonight!!!!! (Sorry. Just practicing for two years from now.)',349,None,384,1709
2017-10-23 10:35:20,b'My game of thrones box set  #IWantToBeBuriedWith',0,IWantToBeBuriedWith,9,11
2017-10-23 10:35:00,b'RT @awkwardphilippe: HER: I love Game Of Thrones\n\nME(trying to impress her): I slept with my sister',4507,None,543,623
2017-10-23 10:34:41,"b""I've just watched episode S03E03 of Game of Thrones! #GoT  https://t.co/GA3EBtmw43 #tvtime https://t.co/h7VKtNnaj8""",0,GoT,19294,7651
2017-10-23 10:34:22,b'RT @wintertospring6: SENSE8 COULD BE TO GAME OF THRONES LEVEL IF YOU ONLY CARED @netflix',5,None,156,511
2017-10-23 10:34:14,b'RT @VFXposts: Game of Thrones https://t.co/OIOcxUUgla',26,None,2103,4657
2017-10-23 10:33:56,b'RT @Design_by_Wendy: Game of Thrones dragon eggs. Dracarys! https://t.co/oWP3ymnOo5 #GameofThrones #daenerys #DaenerysTargaryen #motherofdr\xe2\x80\xa6',63,GameofThrones,9863,9788
2017-10-23 10:33:47,b'RT @GOTseries_Newz: \xe2\x80\x98Game Of Thrones\xe2\x80\x99 Season 8 Theory: The Hound Might Get Redemption After Epic Cleganebowl Against The Mountain https://t\xe2\x80\xa6',9,None,37,243
2017-10-23 10:33:34,b'RT @VFXposts: Game of Thrones https://t.co/OIOcxUUgla',26,None,34,329
2017-10-23 10:33:05,b'Game Of Thrones Season 8 Wedding and Conquest Trailer\xc2\xa0Review https://t.co/9zQlxlgV8u',0,None,340,11
2017-10-23 10:33:04,"b""RT @WIRED: The same design firm behind the opening credits for Game of Thrones\xe2\x80\x8b, brought November's epic WIRED\xe2\x80\x8b cover to life: https://t.co\xe2\x80\xa6""",22,None,143,415
2017-10-23 10:32:37,b'RT @NicholasRyanH: Game of Thrones tonight!!!!! (Sorry. Just practicing for two years from now.)',349,None,38,48
2017-10-23 10:32:15,b'https://t.co/FX0RsZq08b HODOR Game of Thrones actor Indira Varma stars in child abuse drama - The Guardian \xe2\x80\xa6\xe2\x80\xa6 https://t.co/vaW0jNTot8',0,None,1124,491
2017-10-23 10:32:03,b'Game of Thrones is a fairytale compared with what Europe would become if #Catalonia is accepted within EU\xe2\x80\xa6 https://t.co/T1vSfGURom',0,Catalonia,1,42
2017-10-23 10:31:56,b'RT @guardian: Gunpowder review \xe2\x80\x93 it\xe2\x80\x99s Game of Thrones minus dragons plus history  https://t.co/FIXmzmurWs',9,None,2099,1367
2017-10-23 10:31:56,b'RT @NicholasRyanH: Game of Thrones tonight!!!!! (Sorry. Just practicing for two years from now.)',349,None,881,370
2017-10-23 10:31:27,b'RT @guardian: Gunpowder review \xe2\x80\x93 it\xe2\x80\x99s Game of Thrones minus dragons plus history  https://t.co/FIXmzmurWs',9,None,769,1443
2017-10-23 10:31:26,b'@pandorablake @DreamofSpanking Surely your patreon stuff is fiction and should be allowed under the \xe2\x80\x9cGame of Thrones\xe2\x80\x9d exemption!',0,None,3655,3741
2017-10-23 10:31:12,b'i apologize for my snapchat story i went on a game of thrones rant',0,None,851,478
2017-10-23 10:31:01,b'Click to #win Game of Thrones Dorbz from the HBO shop with @HeyUGuys  https://t.co/hjfiC3gJCQ',0,win,550,800
2017-10-23 10:30:50,"b""RT @alexfranc3s: @WOAHitsGABY hey i've started watching game of thrones and I'm getting the book tomorrow, it's SO good!""",2,None,688,145
2017-10-23 10:30:36,b'@SophieT Hello! I am your fan!  Are you happy that game of thrones will end soon?',0,None,0,13
2017-10-23 10:30:17,b'TRAILER WESTEROS THE SERIES - GAME OF THRONES SPINOFF https://t.co/6S7yud2rxp',0,None,117,240
2017-10-23 10:30:08,"b""RT @TheWrap: Why Kit Harington Cried While Reading Last '@GameOfThrones' Script (Video) https://t.co/b6n4JORCLG https://t.co/3HrAvuUNIF""",5,None,6573,5230
2017-10-23 10:30:05,b'First of His Name - Game of Thrones | Sci-Fi &amp; Fantasy... #SciFi&amp;Fantasy https://t.co/iddqCXAzx0 #SciFiampFantasy',0,SciFi,10045,8
2017-10-23 10:29:51,"b""Game of Thrones s8 I'm waiting""",0,None,1577,1318
2017-10-23 10:29:40,b'RT @wintertospring6: SENSE8 COULD BE TO GAME OF THRONES LEVEL IF YOU ONLY CARED @netflix',5,None,227,380
2017-10-23 10:29:22,"b""RT @nachosarah: seriously though twitter we don't need more characters it's not fucking game of thrones""",307,None,798,454
2017-10-23 10:29:03,b'RT @decider: Fans of #GameOfThrones can stop hoping for a Daenerys-Daario reunion: https://t.co/xe9P2KzCVX https://t.co/RI7Lf4swWM',1,GameOfThrones,870,5002
2017-10-23 10:29:00,"b'@emiliaclarke Hello, Emilia. You have a lot fans from Russia. We love you! are you happy that game of thrones will end soon?'",0,None,0,13
2017-10-23 10:28:59,b'RT @guardian: Gunpowder review \xe2\x80\x93 it\xe2\x80\x99s Game of Thrones minus dragons plus history  https://t.co/FIXmzmurWs',9,None,57767,109
2017-10-23 10:28:49,b'RT @wintertospring6: SENSE8 COULD BE TO GAME OF THRONES LEVEL IF YOU ONLY CARED @netflix',5,None,203,287
2017-10-23 10:28:47,b'RT @guardian: Gunpowder review \xe2\x80\x93 it\xe2\x80\x99s Game of Thrones minus dragons plus history  https://t.co/FIXmzmurWs',9,None,427,4799
2017-10-23 10:28:29,"b'Some hilarious Game of thrones Memes\n10 #hilarious_reactions to the ""#Game_of_Thrones"" memes list. #funny_memes\xe2\x80\xa6 https://t.co/dZ7aGmYTwB'",0,hilarious_reactions,67,314
2017-10-23 10:28:29,b'Fans of #GameOfThrones can stop hoping for a Daenerys-Daario reunion: https://t.co/xe9P2KzCVX https://t.co/RI7Lf4swWM',1,GameOfThrones,22053,5424
2017-10-23 10:28:29,b'RT @guardian: Gunpowder review \xe2\x80\x93 it\xe2\x80\x99s Game of Thrones minus dragons plus history  https://t.co/FIXmzmurWs',9,None,86,212
2017-10-23 10:28:25,b'Game of Thrones actor Indira Varma stars in child abuse drama - The Guardian https://t.co/L7ZMdblv6G #GameofThrones https://t.co/iGUUeJ3Xdg',0,GameofThrones,17188,4
2017-10-23 10:28:20,b'- Game of Thrones. https://t.co/Ml6b4QOwCP',0,None,0,71
2017-10-23 10:28:14,b'Perfect #music for #serenity at work while focusing &amp; trying to be #productive. #Business #Productivity https://t.co/knmbr5K9sP',0,music,691,458
2017-10-23 10:28:06,b'RT @NicholasRyanH: Game of Thrones tonight!!!!! (Sorry. Just practicing for two years from now.)',349,None,731,356
2017-10-23 10:27:09,"b'RT guardian ""Gunpowder review \xe2\x80\x93 it\xe2\x80\x99s Game of Thrones minus dragons plus history  https://t.co/inyjBEoROh""'",0,None,506,1815
